{
  "unet": {
    "dice": 0.9177469258140895,
    "dice_std": 0.07375904218045011,
    "iou": 0.8542830012214339,
    "iou_std": 0.10518316776468911,
    "sensitivity": 0.9141986780125998,
    "sensitivity_std": 0.08929474620570235,
    "specificity": 0.9916211273192401,
    "specificity_std": 0.004667479987819031,
    "precision": 0.9241245014957521,
    "precision_std": 0.05686143854415408,
    "accuracy": 0.9857560709635417,
    "accuracy_std": 0.006364875761578283,
    "boundary_f1": 0.9786762069867762,
    "boundary_f1_std": 0.08184507123458443,
    "assd": 0.9157582599591506,
    "assd_std": 7.584966326519392,
    "auc": 0.9978341128359158
  },
  "unet_eam": {
    "dice": 0.9015288398177173,
    "dice_std": 0.08508843078351233,
    "iou": 0.8287149323917657,
    "iou_std": 0.11706418734709483,
    "sensitivity": 0.8973756722558397,
    "sensitivity_std": 0.10139232712384605,
    "specificity": 0.9899721863097073,
    "specificity_std": 0.005529477925295294,
    "precision": 0.909623743987935,
    "precision_std": 0.06520917510290387,
    "accuracy": 0.9828531901041667,
    "accuracy_std": 0.007475194529734893,
    "boundary_f1": 0.9740429402790275,
    "boundary_f1_std": 0.08886218847396248,
    "assd": 1.07480929799477,
    "assd_std": 8.088889946704112,
    "auc": 0.9971033762278958
  },
  "transunet": {
    "dice": 0.9134548627891592,
    "dice_std": 0.07829261623340747,
    "iou": 0.8475692284227898,
    "iou_std": 0.10926297255508514,
    "sensitivity": 0.9083494756478232,
    "sensitivity_std": 0.09274378893561859,
    "specificity": 0.991418733692207,
    "specificity_std": 0.0049183665147825625,
    "precision": 0.9219772267943456,
    "precision_std": 0.06283845037810518,
    "accuracy": 0.9850513671875,
    "accuracy_std": 0.006650224294680268,
    "boundary_f1": 0.9768994948698223,
    "boundary_f1_std": 0.08367248982776378,
    "assd": 0.9492651312676454,
    "assd_std": 7.595819791118103,
    "auc": 0.9976100407861902
  },
  "transunet_eam": {
    "dice": 0.9079628374413706,
    "dice_std": 0.0781527731732291,
    "iou": 0.8383658167504224,
    "iou_std": 0.10908458509214729,
    "sensitivity": 0.9022135029393786,
    "sensitivity_std": 0.09352053475395342,
    "specificity": 0.9907464779667661,
    "specificity_std": 0.005261413768756444,
    "precision": 0.9166055685071361,
    "precision_std": 0.062381094522515015,
    "accuracy": 0.9837987467447916,
    "accuracy_std": 0.007110759725546228,
    "boundary_f1": 0.9767788792957325,
    "boundary_f1_std": 0.08380799742680256,
    "assd": 0.9731857770018237,
    "assd_std": 7.597788379800268,
    "auc": 0.9974324242468847
  }
}